userId,username,full_name,password
1,melos,Melos Simeneh,1234
2,christopher,Christopher Huang,1234
3,alexis,Alexis Haynes,1234
4,erin,Erin Byrd,1234
5,rebecca,Rebecca Lewis,1234
6,chad,Chad Haas,1234
7,robert,Robert Simpson,1234
8,samantha,Samantha Larson,1234
9,kenneth,Kenneth Webster,1234
10,allison,Allison Torres,1234
11,brian,Brian Pierce,1234
12,christine,Christine Torres,1234
13,diane,Diane Anderson,1234
14,dr.,Dr. Valerie Hernandez MD,1234
15,kathleen,Kathleen Ross,1234
16,breanna,Breanna Curry,1234
17,william,William Robinson,1234
18,john,John Smith,1234
19,alice,Alice Duarte,1234
20,shannon,Shannon Graham,1234
21,jeffrey,Jeffrey Miller,1234
22,autumn,Autumn Peters,1234
23,elizabeth,Elizabeth Alexander,1234
24,michelle,Michelle Hogan,1234
25,valerie,Valerie Mccarty,1234
26,samantha,Samantha Kramer,1234
27,emily,Emily Andrews MD,1234
28,jennifer,Jennifer Peters,1234
29,kiara,Kiara Gilmore,1234
30,terry,Terry French,1234
31,justin,Justin Johnson,1234
32,mary,Mary Rivera,1234
33,maria,Maria Craig,1234
34,mrs.,Mrs. Katie James,1234
35,mr.,Mr. Jeremiah Ross Jr.,1234
36,crystal,Crystal Williams,1234
37,emily,Emily Nelson,1234
38,jennifer,Jennifer Gordon,1234
39,leah,Leah Gonzalez,1234
40,heather,Heather Berry,1234
41,alyssa,Alyssa Wright,1234
42,ashlee,Ashlee Love,1234
43,sarah,Sarah Wheeler,1234
44,carol,Carol Johnson,1234
45,theresa,Theresa Edwards,1234
46,stacy,Stacy Wells,1234
47,whitney,Whitney Hurley,1234
48,melissa,Melissa Thompson,1234
49,christopher,Christopher Moreno,1234
50,steven,Steven Peterson,1234
51,christine,Christine Mann,1234
52,rebecca,Rebecca Heath,1234
53,aaron,Aaron Coleman,1234
54,craig,Craig Butler,1234
55,richard,Richard Mahoney,1234
56,william,William Blanchard,1234
57,mrs.,Mrs. Jessica Diaz DDS,1234
58,alan,Alan Diaz,1234
59,ian,Ian Perez,1234
60,rebekah,Rebekah Clark,1234
61,brandon,Brandon Rice,1234
62,todd,Todd Martin,1234
63,michelle,Michelle Mckenzie,1234
64,heather,Heather Wade,1234
65,mckenzie,Mckenzie Thomas,1234
66,john,John Watson,1234
67,john,John Freeman,1234
68,daniel,Daniel Davidson Jr.,1234
69,jessica,Jessica Doyle,1234
70,suzanne,Suzanne Barnes,1234
71,adam,Adam Long,1234
72,suzanne,Suzanne Mendoza,1234
73,molly,Molly Williams,1234
74,marie,Marie Moss,1234
75,renee,Renee Cain,1234
76,daniel,Daniel Walton,1234
77,emily,Emily Lopez,1234
78,mark,Mark Yates,1234
79,jeffery,Jeffery Fisher,1234
80,jennifer,Jennifer Navarro,1234
81,jennifer,Jennifer Cochran,1234
82,gary,Gary Brock,1234
83,hunter,Hunter Young,1234
84,thomas,Thomas Lopez,1234
85,wendy,Wendy Anderson DVM,1234
86,anna,Anna Kane,1234
87,melissa,Melissa Watson,1234
88,kristi,Kristi Lopez,1234
89,john,John Hernandez,1234
90,eugene,Eugene Morales,1234
91,kim,Kim Gonzalez,1234
92,kelly,Kelly Richardson MD,1234
93,abigail,Abigail Roberts,1234
94,stephen,Stephen Wallace,1234
95,madison,Madison Martin,1234
96,hailey,Hailey Miller,1234
97,robert,Robert Castaneda,1234
98,mark,Mark Rodgers,1234
99,cameron,Cameron Jones,1234
100,jonathan,Jonathan Terrell,1234
101,angela,Angela Henderson,1234
102,jacqueline,Jacqueline Parker,1234
103,kenneth,Kenneth Gray,1234
104,christopher,Christopher Garza,1234
105,anthony,Anthony Hernandez,1234
106,matthew,Matthew Bass,1234
107,katherine,Katherine Hoffman,1234
108,patricia,Patricia Herrera MD,1234
109,cindy,Cindy Armstrong,1234
110,adam,Adam Vasquez,1234
111,levi,Levi Smith,1234
112,ariel,Ariel Ferguson,1234
113,carlos,Carlos Chen,1234
114,randy,Randy Smith,1234
115,tracy,Tracy Banks,1234
116,mary,Mary Delgado,1234
117,samantha,Samantha Bender,1234
118,hailey,Hailey Kelley,1234
119,gina,Gina Chavez,1234
120,terri,Terri Ellis,1234
121,patricia,Patricia Fitzgerald,1234
122,hannah,Hannah Velazquez,1234
123,omar,Omar Brown,1234
124,gabrielle,Gabrielle Schneider,1234
125,jeremy,Jeremy Williams,1234
126,william,William Atkinson,1234
127,charles,Charles Ayala,1234
128,erin,Erin Wiley,1234
129,carol,Carol Bean,1234
130,kelly,Kelly Wells,1234
131,stephanie,Stephanie Williams,1234
132,alisha,Alisha Carter MD,1234
133,julie,Julie Jimenez,1234
134,derek,Derek Morris,1234
135,jonathan,Jonathan Ramirez,1234
136,david,David Carlson,1234
137,ashley,Ashley Carr,1234
138,gabrielle,Gabrielle Marshall,1234
139,linda,Linda Medina,1234
140,kristina,Kristina Kirk,1234
141,tina,Tina Leon,1234
142,robert,Robert Lewis,1234
143,douglas,Douglas Green,1234
144,caleb,Caleb Dudley,1234
145,dana,Dana Robinson,1234
146,bailey,Bailey Rivas,1234
147,valerie,Valerie Vasquez,1234
148,mary,Mary Romero,1234
149,karen,Karen Valenzuela,1234
150,margaret,Margaret Schneider,1234
151,kayla,Kayla Pittman,1234
152,grace,Grace Peterson,1234
153,mckenzie,Mckenzie Reynolds,1234
154,brian,Brian Powers,1234
155,john,John Thomas,1234
156,amanda,Amanda Barber,1234
157,daniel,Daniel Mueller,1234
158,kristin,Kristin Robinson,1234
159,danielle,Danielle Gillespie,1234
160,donald,Donald Grant,1234
161,ashley,Ashley Jackson,1234
162,darlene,Darlene Barajas MD,1234
163,tracy,Tracy Roberts,1234
164,dr.,Dr. Bonnie Leon,1234
165,catherine,Catherine Elliott,1234
166,william,William Grimes,1234
167,jennifer,Jennifer Ramos,1234
168,cody,Cody Thompson,1234
169,scott,Scott Olson,1234
170,lori,Lori Chandler,1234
171,jonathan,Jonathan Orr,1234
172,lisa,Lisa Beasley,1234
173,dr.,Dr. Ronald Mills Jr.,1234
174,debra,Debra Fox,1234
175,mary,Mary Thompson,1234
176,rachel,Rachel Barajas,1234
177,christopher,Christopher Johnson,1234
178,jasmine,Jasmine Turner,1234
179,debra,Debra Scott,1234
180,renee,Renee Ramsey,1234
181,randy,Randy May,1234
182,megan,Megan Wallace,1234
183,kylie,Kylie Brown,1234
184,patrick,Patrick Downs,1234
185,anne,Anne Bass,1234
186,melissa,Melissa Rivera,1234
187,courtney,Courtney Murray,1234
188,thomas,Thomas Reed,1234
189,margaret,Margaret Barnett,1234
190,tanya,Tanya Cox,1234
191,christopher,Christopher Spears,1234
192,joshua,Joshua Fuller,1234
193,jenna,Jenna Mullen,1234
194,ashley,Ashley Wade,1234
195,kerry,Kerry Freeman,1234
196,matthew,Matthew Reed,1234
197,henry,Henry Barnett,1234
198,veronica,Veronica Garcia,1234
199,ashley,Ashley Campbell,1234
200,sheri,Sheri Harris,1234
201,adam,Adam Todd,1234
202,ryan,Ryan Harris,1234
203,james,James Baldwin,1234
204,kristina,Kristina Ali,1234
205,wayne,Wayne Smith,1234
206,jacqueline,Jacqueline Dunn,1234
207,joel,Joel Mason,1234
208,cassandra,Cassandra Mccall,1234
209,diane,Diane Newman,1234
210,rachael,Rachael Peterson,1234
211,andrew,Andrew Lin,1234
212,kenneth,Kenneth Gutierrez,1234
213,kimberly,Kimberly Wyatt,1234
214,joseph,Joseph Riley,1234
215,emma,Emma Walters,1234
216,paul,Paul Sanchez,1234
217,olivia,Olivia Harper,1234
218,adam,Adam Tucker,1234
219,jimmy,Jimmy Reilly,1234
220,alexandra,Alexandra Sims,1234
221,daniel,Daniel Perry,1234
222,ashley,Ashley Mendoza,1234
223,james,James Yates,1234
224,melissa,Melissa Hanson,1234
225,ronald,Ronald Murphy,1234
226,melissa,Melissa Gonzalez,1234
227,shannon,Shannon Fuller,1234
228,john,John Fowler,1234
229,gabrielle,Gabrielle Joseph,1234
230,austin,Austin Woods,1234
231,robert,Robert Vargas,1234
232,kenneth,Kenneth Payne,1234
233,michael,Michael Oconnor,1234
234,mark,Mark Garcia,1234
235,misty,Misty Mcdonald,1234
236,tim,Tim Callahan,1234
237,david,David Velazquez,1234
238,julie,Julie Pham,1234
239,suzanne,Suzanne Beard,1234
240,john,John Gomez,1234
241,katie,Katie Stein,1234
242,robert,Robert Patterson,1234
243,michelle,Michelle Moore,1234
244,jeff,Jeff Guzman,1234
245,john,John Compton,1234
246,jennifer,Jennifer Bates,1234
247,blake,Blake Moore,1234
248,theresa,Theresa Jennings,1234
249,andrew,Andrew Stone,1234
250,brandi,Brandi Roach,1234
251,caleb,Caleb Miller,1234
252,robert,Robert Estrada,1234
253,cynthia,Cynthia Johnson,1234
254,russell,Russell Taylor,1234
255,anthony,Anthony Hernandez,1234
256,charles,Charles Dennis,1234
257,allison,Allison Crosby,1234
258,justin,Justin Brown,1234
259,luis,Luis Hunt,1234
260,jessica,Jessica Olson,1234
261,charles,Charles Schwartz,1234
262,amber,Amber Stanton,1234
263,terry,Terry Boyd,1234
264,teresa,Teresa Sandoval,1234
265,kimberly,Kimberly Martinez,1234
266,kayla,Kayla Williams,1234
267,susan,Susan Shannon,1234
268,mario,Mario Stokes,1234
269,vincent,Vincent Brooks,1234
270,patrick,Patrick Lewis,1234
271,timothy,Timothy Smith,1234
272,russell,Russell Ashley,1234
273,don,Don Johnson,1234
274,christopher,Christopher West,1234
275,hunter,Hunter Miller,1234
276,anna,Anna Moore,1234
277,christopher,Christopher Perry,1234
278,christopher,Christopher Gonzales,1234
279,amanda,Amanda Harvey,1234
280,stephen,Stephen Charles,1234
281,jonathan,Jonathan Walker,1234
282,ricardo,Ricardo Donaldson,1234
283,linda,Linda Smith,1234
284,rhonda,Rhonda White,1234
285,leslie,Leslie Hoffman,1234
286,mark,Mark Parker,1234
287,john,John Sparks,1234
288,patrick,Patrick Snyder,1234
289,mary,Mary Rodriguez,1234
290,lisa,Lisa Gonzalez,1234
291,robert,Robert Boone,1234
292,regina,Regina Curry MD,1234
293,mary,Mary Franklin,1234
294,olivia,Olivia Johnson,1234
295,sheila,Sheila Mathews,1234
296,corey,Corey Bell,1234
297,deborah,Deborah Rice,1234
298,matthew,Matthew Booth,1234
299,misty,Misty Robertson,1234
300,darlene,Darlene Snyder,1234
301,timothy,Timothy Koch,1234
302,carrie,Carrie Chapman,1234
303,mark,Mark Stone,1234
304,benjamin,Benjamin Aguirre,1234
305,david,David Dixon,1234
306,robert,Robert Gill,1234
307,mackenzie,Mackenzie Jones,1234
308,casey,Casey Parker,1234
309,rebecca,Rebecca Guerra,1234
310,cheryl,Cheryl Powers,1234
311,ashley,Ashley Salazar,1234
312,shelly,Shelly Odonnell,1234
313,anna,Anna Horton,1234
314,randall,Randall Ali,1234
315,ashley,Ashley Ray,1234
316,kevin,Kevin Jackson,1234
317,wyatt,Wyatt Shields,1234
318,andrea,Andrea Cox,1234
319,deborah,Deborah Marquez,1234
320,joseph,Joseph Walton,1234
321,john,John Lewis,1234
322,deborah,Deborah Wagner,1234
323,mr.,Mr. Michael Lozano,1234
324,kyle,Kyle Morris,1234
325,donna,Donna Russell,1234
326,anthony,Anthony Scott,1234
327,nicholas,Nicholas Johnson,1234
328,francisco,Francisco Pacheco,1234
329,francis,Francis Torres,1234
330,ashley,Ashley Poole,1234
331,justin,Justin Oneill,1234
332,glenn,Glenn Gordon,1234
333,phillip,Phillip Mejia,1234
334,matthew,Matthew Smith,1234
335,johnathan,Johnathan Ramirez,1234
336,sharon,Sharon Sanchez,1234
337,nicole,Nicole Gentry,1234
338,timothy,Timothy Silva,1234
339,robert,Robert Benitez,1234
340,jeffery,Jeffery Castro,1234
341,joshua,Joshua Wallace,1234
342,james,James Holmes,1234
343,steven,Steven Murphy,1234
344,amanda,Amanda Rodriguez,1234
345,craig,Craig Cline,1234
346,ms.,Ms. Amy Fisher,1234
347,crystal,Crystal Rodriguez,1234
348,philip,Philip Ryan,1234
349,timothy,Timothy Garcia,1234
350,paul,Paul Hill,1234
351,jordan,Jordan Cunningham,1234
352,jane,Jane Rollins,1234
353,rebecca,Rebecca Miranda,1234
354,susan,Susan Martin,1234
355,john,John Lopez,1234
356,kenneth,Kenneth Moreno,1234
357,samantha,Samantha Warren,1234
358,timothy,Timothy Joseph,1234
359,nathan,Nathan Hanson,1234
360,james,James Butler,1234
361,brian,Brian Koch,1234
362,kelly,Kelly Macdonald,1234
363,richard,Richard Meyer,1234
364,rhonda,Rhonda Edwards,1234
365,christine,Christine Howe,1234
366,keith,Keith Lee,1234
367,kevin,Kevin Griffin,1234
368,suzanne,Suzanne Lawrence,1234
369,hannah,Hannah Higgins,1234
370,monica,Monica Ramos,1234
371,steven,Steven Rice,1234
372,miguel,Miguel Donovan,1234
373,john,John White,1234
374,jennifer,Jennifer Pena,1234
375,jacqueline,Jacqueline Hubbard,1234
376,virginia,Virginia Contreras,1234
377,crystal,Crystal Adams,1234
378,kaitlyn,Kaitlyn Hall,1234
379,melissa,Melissa Evans,1234
380,anna,Anna Ellis,1234
381,rhonda,Rhonda Richmond,1234
382,michelle,Michelle Rodgers,1234
383,victoria,Victoria Flores,1234
384,jacob,Jacob Nelson,1234
385,kimberly,Kimberly Huerta,1234
386,elizabeth,Elizabeth Martinez,1234
387,james,James Tanner,1234
388,anthony,Anthony Johnson,1234
389,tyler,Tyler Keith,1234
390,andrew,Andrew Davis,1234
391,jennifer,Jennifer Phillips MD,1234
392,brandon,Brandon Barron,1234
393,adam,Adam Wilson,1234
394,harold,Harold Jenkins,1234
395,mrs.,Mrs. Jessica Gallagher,1234
396,diana,Diana Ryan MD,1234
397,kristina,Kristina Reyes,1234
398,john,John Garcia,1234
399,amy,Amy Nguyen,1234
400,matthew,Matthew Blanchard,1234
401,clifford,Clifford Zavala,1234
402,grant,Grant Cox,1234
403,lisa,Lisa Schmitt,1234
404,nathaniel,Nathaniel Hall,1234
405,christine,Christine Hunt,1234
406,christian,Christian Henson,1234
407,mary,Mary Smith,1234
408,kristina,Kristina Cook,1234
409,amanda,Amanda Oliver,1234
410,karen,Karen Smith,1234
411,alison,Alison Villarreal,1234
412,danny,Danny Winters,1234
413,david,David King,1234
414,jessica,Jessica Smith,1234
415,alice,Alice Ortega,1234
416,katherine,Katherine Cox,1234
417,adam,Adam Conley,1234
418,scott,Scott Parker,1234
419,peter,Peter Hunt,1234
420,adrienne,Adrienne Miller,1234
421,valerie,Valerie Johnson,1234
422,seth,Seth Robertson,1234
423,lisa,Lisa Johnson,1234
424,nicole,Nicole Gonzalez,1234
425,courtney,Courtney Ortiz,1234
426,michael,Michael Williams,1234
427,beth,Beth Lee,1234
428,jeffrey,Jeffrey Stein,1234
429,kenneth,Kenneth Cole,1234
430,david,David Reyes,1234
431,tammy,Tammy Ibarra,1234
432,ryan,Ryan Burke,1234
433,david,David Hall,1234
434,matthew,Matthew Parker,1234
435,crystal,Crystal Mckinney,1234
436,curtis,Curtis Hoffman,1234
437,sheri,Sheri Saunders,1234
438,michael,Michael Mcdaniel,1234
439,kevin,Kevin Hunter,1234
440,hunter,Hunter Marshall,1234
441,robert,Robert Jackson,1234
442,melissa,Melissa Shelton,1234
443,kelly,Kelly Dalton,1234
444,emily,Emily Nguyen,1234
445,cameron,Cameron Carr,1234
446,bethany,Bethany Day,1234
447,eric,Eric Caldwell,1234
448,george,George White,1234
449,michelle,Michelle Perez,1234
450,michele,Michele George,1234
451,kevin,Kevin Hernandez,1234
452,heather,Heather Gill,1234
453,joshua,Joshua Henry,1234
454,jocelyn,Jocelyn White,1234
455,christina,Christina Davidson,1234
456,nicholas,Nicholas Wright,1234
457,lucas,Lucas Wilson,1234
458,james,James Swanson,1234
459,olivia,Olivia Tran,1234
460,katherine,Katherine Sanchez,1234
461,matthew,Matthew Young,1234
462,miss,Miss Jacqueline Stewart MD,1234
463,jennifer,Jennifer Warren,1234
464,victoria,Victoria Ryan,1234
465,priscilla,Priscilla Trujillo,1234
466,jennifer,Jennifer Lawson,1234
467,roy,Roy Scott,1234
468,kevin,Kevin West,1234
469,sherry,Sherry Holmes,1234
470,joseph,Joseph Rosales,1234
471,mary,Mary Mayo,1234
472,timothy,Timothy Holmes,1234
473,lisa,Lisa Howard,1234
474,monique,Monique Hopkins,1234
475,anthony,Anthony Newton,1234
476,grace,Grace Mitchell,1234
477,jay,Jay Castro,1234
478,christopher,Christopher Shields,1234
479,charles,Charles Hester,1234
480,ricardo,Ricardo Pratt,1234
481,jennifer,Jennifer Anderson,1234
482,nicholas,Nicholas Cline,1234
483,kristina,Kristina Perry,1234
484,christie,Christie Nelson,1234
485,ricky,Ricky Martinez,1234
486,andrew,Andrew Scott,1234
487,stephanie,Stephanie Ayers,1234
488,cynthia,Cynthia Hatfield,1234
489,laura,Laura Mejia,1234
490,jeffery,Jeffery Martin,1234
491,kelly,Kelly Williams,1234
492,zachary,Zachary Mann,1234
493,samantha,Samantha Cruz,1234
494,matthew,Matthew Wright,1234
495,heather,Heather Reyes,1234
496,miranda,Miranda Hobbs,1234
497,angela,Angela Swanson,1234
498,kimberly,Kimberly Kerr,1234
499,melissa,Melissa Oconnell,1234
500,keith,Keith Romero,1234
501,melanie,Melanie Phillips,1234
502,rodney,Rodney Johnson PhD,1234
503,peter,Peter Bennett,1234
504,douglas,Douglas James,1234
505,gregory,Gregory Johnson,1234
506,karen,Karen Phillips,1234
507,david,David Walters,1234
508,marilyn,Marilyn Evans,1234
509,judy,Judy Perez,1234
510,nathan,Nathan Sellers,1234
511,christopher,Christopher Wallace,1234
512,amanda,Amanda Hodge,1234
513,nicholas,Nicholas Ortiz,1234
514,darryl,Darryl Ramos,1234
515,thomas,Thomas Arnold,1234
516,amy,Amy Johnson,1234
517,donald,Donald Gordon,1234
518,krista,Krista Perry,1234
519,heather,Heather Perez,1234
520,kimberly,Kimberly Smith,1234
521,todd,Todd Lloyd,1234
522,mason,Mason Hester,1234
523,joanne,Joanne Hensley,1234
524,miss,Miss Raven Meyer,1234
525,timothy,Timothy Mooney,1234
526,stacey,Stacey Farley,1234
527,jennifer,Jennifer Rich,1234
528,jeremy,Jeremy Miller,1234
529,olivia,Olivia Perkins,1234
530,marissa,Marissa Robinson,1234
531,tyler,Tyler Silva,1234
532,sheila,Sheila Freeman MD,1234
533,amy,Amy Smith,1234
534,charles,Charles Gonzalez,1234
535,michael,Michael Williams,1234
536,curtis,Curtis Fritz,1234
537,elijah,Elijah Mendoza,1234
538,william,William Flynn,1234
539,thomas,Thomas Smith,1234
540,tiffany,Tiffany Moreno,1234
541,jacob,Jacob Miller,1234
542,brenda,Brenda Melton,1234
543,mrs.,Mrs. Sarah Martinez,1234
544,maxwell,Maxwell Love,1234
545,janice,Janice Morris,1234
546,kristen,Kristen White,1234
547,kevin,Kevin Wells,1234
548,lisa,Lisa Murphy,1234
549,sara,Sara Schmidt,1234
550,ashley,Ashley Mcmahon,1234
551,christy,Christy Sampson,1234
552,patricia,Patricia Vasquez,1234
553,matthew,Matthew Miles,1234
554,lauren,Lauren Anderson,1234
555,taylor,Taylor Price,1234
556,jason,Jason Burke PhD,1234
557,hannah,Hannah Bruce,1234
558,brandon,Brandon Smith,1234
559,lisa,Lisa Rodgers,1234
560,justin,Justin Turner,1234
561,adrian,Adrian Price,1234
562,jose,Jose George,1234
563,allison,Allison Poole,1234
564,maria,Maria Ortiz,1234
565,tiffany,Tiffany Sanchez,1234
566,sandra,Sandra Mckinney,1234
567,johnny,Johnny White,1234
568,lonnie,Lonnie Davila,1234
569,kristen,Kristen Salazar,1234
570,christina,Christina Carter,1234
571,pamela,Pamela Smith,1234
572,savannah,Savannah Knight,1234
573,marcus,Marcus Martinez,1234
574,rebecca,Rebecca Fowler,1234
575,bradley,Bradley Garrison,1234
576,nicole,Nicole Chan,1234
577,jeffrey,Jeffrey Brown,1234
578,linda,Linda Donaldson,1234
579,justin,Justin Blankenship,1234
580,keith,Keith Smith,1234
581,christy,Christy French,1234
582,william,William Taylor,1234
583,kendra,Kendra Mccarty,1234
584,joshua,Joshua Swanson,1234
585,sarah,Sarah Williams,1234
586,theresa,Theresa Brown,1234
587,regina,Regina Bray,1234
588,tara,Tara Peterson,1234
589,sabrina,Sabrina Velasquez,1234
590,shane,Shane Hayes,1234
591,william,William Cooper,1234
592,thomas,Thomas Hobbs,1234
593,michael,Michael Johnson,1234
594,james,James Sullivan,1234
595,mrs.,Mrs. Lori Wiggins,1234
596,joshua,Joshua Nguyen,1234
597,megan,Megan Gonzalez,1234
598,william,William Green,1234
599,nathan,Nathan Strickland,1234
600,timothy,Timothy Rodgers,1234
601,justin,Justin Cooper,1234
602,john,John Palmer,1234
603,tammy,Tammy Johnson,1234
604,bryan,Bryan Bowers,1234
605,joseph,Joseph Simon,1234
606,kimberly,Kimberly Russell,1234
607,adam,Adam Richardson,1234
608,justin,Justin Fernandez,1234
609,julia,Julia Morrison,1234
610,donna,Donna Pena,1234
